x	y	showSelected1
1.472476	0.440420720756767	4.2
2.063049	0.459431618637297	4.2
3.098882	0.341416524478722	4.2
7.177474	0.335711910320462	4.2
8.17939	0.317304068361915	4.2
8.916469	0.278579550458423	4.2
9.470069	0.265436896049098	4.2
11.607188	0.323081789503733	4.2
11.885382	0.389566811762726	4.2
12.173642	0.429749850800216	4.2
13.472545	0.178873958169795	4.2
15.291502	0.439357178474257	4.2
15.647903	0.112366523072563	4.2
15.94947	0.459431618637297	4.2
15.989525	0.257010618206024	4.2
15.998838	0.34255474547732	4.2
16.084178	0.417920007811965	4.2
16.498022	0.541019153133559	4.2
17.554158	0.471967787661516	4.2
18.160714	0.456280481510725	4.2
19.977922	0.32883646422954	4.2
20.401077	0.288063200325316	4.2
20.436359	0.432959407276106	4.2
23.250404	0.520045024039818	4.2
24.849156	0.388465097283154	4.2
25.001207	0.331131922217202	4.2
25.435934	0.361768359419153	4.2
26.949596	0.347098670622268	4.2
28.174167	0.297484915710575	4.2
28.533745	0.349365277594213	4.2
31.385444	0.467801156488407	4.2
33.024836	0.185232254230161	4.2
34.833464	0.243669080966863	4.2
36.919298	0.442545456105304	4.2
37.365997	0.10969486482593	4.2
37.866357	0.453122446595813	4.2
38.459725	0.306845500314283	4.2
39.564398	0.398350370345965	4.2
41.06023	0.292781749227846	4.2
42.480942	0.377401430785794	4.2
44.077612	0.220329954879556	4.2
46.251639	0.0384361816561079	4.2
47.624144	-0.0424567992428948	4.2
47.953763	0.102993993323326	4.2
49.965815	0.162210036314307	4.2
50.972212	0.204140716780225	4.2
53.219163	0.0676387168753633	4.2
53.811542	-0.132894270497345	4.2
54.756564	0.0717626693000913	4.2
55.747802	-0.0831412353002459	4.2
57.15474	0.0690146779151805	4.2
58.369556	0.00432160595009347	4.2
59.904923	0.172487515510134	4.2
60.306386	0.169925001442312	4.2
60.874144	-0.139235797371172	4.2
62.259094	0.034215715337913	4.2
63.486946	0.0758748669751276	4.2
64.81751	-0.0588936890535686	4.2
65.305534	-0.0877333719335504	4.2
65.496522	0.0143552929770701	4.2
65.646819	0.0799753767205959	4.2
65.921569	0.0157829972409275	4.2
66.723753	0.0257375614136083	4.2
66.762984	0.0114956388378294	4.2
68.951584	0.00863030514344006	4.2
69.976854	-0.118726938570751	4.2
70.549941	-0.0174170530774094	4.2
70.633617	0.00719550140420377	4.2
70.775675	-0.00578235259400611	4.2
72.302042	-0.15200309344505	4.2
73.066099	-0.120294233717712	4.2
74.840471	-0.045431429247006	4.2
75.012855	-0.161653263478769	4.2
75.192976	0.063502942306158	4.2
75.240764	0.104336659814736	4.2
75.261351	0.0257375614136083	4.2
75.272617	-0.00723156923107586	4.2
75.545864	0.0758748669751276	4.2
77.470557	0.0200576523412535	4.2
78.452106	0.0922074380970889	4.2
80.523579	0.0799753767205959	4.2
82.612148	0.0243196791954129	4.2
83.858474	-0.0664273617389761	4.2
85.504949	-0.0954195650786824	4.2
86.676493	-0.15521264992094	4.2
86.994493	0.0412429822318813	4.2
88.744839	-0.0923401721467106	4.2
89.924947	0.0648828515848544	4.2
90.318928	0.01292617444427	4.2
91.939385	0.0648828515848544	4.2
95.326879	0.018634174139051	4.2
96.265487	0.034215715337913	4.2
96.312109	0.063502942306158	4.2
97.306102	-0.0908029370083126	4.2
97.476653	-0.0985055449524251	4.2
98.645694	-0.045431429247006	4.2
100.347061	0.0440443327060212	4.2
100.907896	0	4.2
102.210332	-0.0619024389259069	4.2
102.86083	0.0840642647884745	4.2
103.040923	0.0143552929770701	4.2
103.343147	-0.0528949484321255	4.2
105.095092	0.0496307677246004	4.2
107.054593	-0.0846703239869906	4.2
107.481213	-0.0649174766813385	4.2
108.765586	0.0607391578576785	4.2
110.302679	-0.0484122051852459	4.2
111.292001	0.134878054343112	4.2
112.232159	0.0962618530584035	4.2
112.662652	0.037030730944967	4.2
113.507998	-0.0800879113226919	4.2
113.568172	0.0565835283663675	4.2
113.708876	-0.0664273617389761	4.2
114.375346	-0.394031641158542	4.2
116.225034	-0.603840510926845	4.2
117.283939	-0.416962376203336	4.2
118.370569	-0.234465253637023	4.2
119.566175	-0.179514657013621	4.2
119.690453	-0.49817873457909	4.2
120.714258	-0.407363571393423	4.2
121.720768	-0.502259911390907	4.2
124.052853	-0.539519529959989	4.2
125.38224	-0.31114825613412	4.2
125.882541	-0.100051013810328	4.2
126.448535	-0.330973234490369	4.2
127.000897	-0.552156355637915	4.2
127.774759	-0.685013514531485	4.2
127.950234	-0.552156355637915	4.2
128.458173	-0.231074664436249	4.2
128.537463	-0.356605546520108	4.2
130.012394	-0.552156355637915	4.2
131.520636	-0.373327247394007	4.2
133.750463	-0.569179503480228	4.2
135.596158	-0.541617995843987	4.2
138.155772	-0.399730246490995	4.2
139.813156	-0.49817873457909	4.2
143.232374	-0.388355456626338	4.2
144.717483	-0.577766999316952	4.2
144.819911	-0.465938397578882	4.2
147.617039	-0.573466861883327	4.2
148.524582	-0.560642821525743	4.2
149.996584	-0.689659879387849	4.2
152.156956	-0.405451450449646	4.2
154.161955	-0.50635266602479	4.2
154.911794	-0.373327247394007	4.2
155.916074	-0.407363571393423	4.2
157.219491	-0.2688167584278	4.2
158.511647	-0.377069649079823	4.2
158.516202	-0.307572801910292	4.2
158.522874	-0.194294815161489	4.2
158.526455	-0.46394709975979	4.2
158.532412	-0.232768962976124	4.2
159.469779	-0.708396441969435	4.2
159.857521	-0.612637459164004	4.2
160.03304	-0.57132159005177	4.2
161.915423	-0.597277823154395	4.2
162.844303	-0.841662972832899	4.2
163.801704	-0.0816137655536521	4.2
165.700664	0.192825403552391	4.2
166.143859	0.0758748669751276	4.2
167.215578	0.0827025893302493	4.2
168.70339	0.0426443374084937	4.2
172.359901	-0.0846703239869906	4.2
172.735693	-0.0908029370083126	4.2
172.791902	-0.0908029370083126	4.2
174.937222	-0.0159575739029762	4.2
176.515909	0.10969486482593	4.2
178.354556	-0.0694518807521452	4.2
178.681202	0.0758748669751276	4.2
180.180007	0.0854246562526777	4.2
180.618313	-0.00433459026389113	4.2
182.279435	0.150559676575381	4.2
184.166193	0.0524158941511385	4.2
185.54228	-0.0130430374755989	4.2
187.833585	-0.107803289534515	4.2
189.065334	0.0799753767205959	4.2
190.359644	0.0621217119077975	4.2
191.229564	-0.0877333719335504	4.2
191.453947	-0.0115879742752118	4.2
191.788787	0.0551956542421246	4.2
192.910756	-0.026205070347394	4.2
194.253124	0.00719550140420377	4.2
195.011018	0.0454429707611671	4.2
195.522156	0.0524158941511385	4.2
196.697692	0.0676387168753633	4.2
197.097769	0.0100636833446975	4.2
197.718453	-0.0320936297098533	4.2
198.142825	-0.0938790470029001	4.2
198.859837	0.0243196791954129	4.2
199.668211	0.0854246562526777	4.2
201.628116	-0.0740005814437769	4.2
202.264005	-0.0159575739029762	4.2
204.555086	-0.00144341686966872	4.2
206.344621	-0.0603972796439563	4.2
206.618493	0	4.2
207.331084	0.0243196791954129	4.2
208.893161	0.0157829972409275	4.2
210.692664	-0.0350469470992008	4.2
211.413345	-0.0203404482841755	4.2
212.163258	-0.0469210473874926	4.2
212.164262	0.0745054363636298	4.2
212.226837	0.0214797274104514	4.2
213.452759	0.0935601761623378	4.2
214.868993	-0.036525876025114	4.2
216.192292	0.130930869826449	4.2
216.980915	0.121678556588252	4.2
217.229433	-0.0144995696951151	4.2
218.455869	0.0962618530584035	4.2
219.970764	-0.0335695326937018	4.2
221.243188	0.154453592679872	4.2
222.618023	-0.00433459026389113	4.2
223.091894	0.142740172116082	4.2
223.79055	-0.0115879742752118	4.2
224.559661	-0.0484122051852459	4.2
224.593061	-0.0394882898809755	4.2
225.244461	-0.114035243246029	4.2
227.239045	0.0565835283663675	4.2
228.575981	-0.0469210473874926	4.2
230.01143	0.0398402645317911	4.2
230.240137	0.0962618530584035	4.2
230.302789	-0.112474729258412	4.2
232.23841	-0.0938790470029001	4.2
233.709132	-0.134477040860036	4.2
234.084857	0.0468402542029724	4.2
234.792446	-0.15521264992094	4.2
234.80809	-0.0679388286565756	4.2
236.092674	-0.0320936297098533	4.2
237.375684	0.0214797274104514	4.2
238.945164	-0.212567535483132	4.2
239.227603	0.018634174139051	4.2
239.471307	0.0172092900322231	4.2
240.618997	-0.109358756036556	4.2
242.024751	-0.13764780046798	4.2
242.801018	0.172487515510134	4.2
0.018094	0.180147861158429	11.2
1.472476	-0.467932447710969	11.2
2.063049	0.235114320376357	11.2
2.803968	-0.0528949484321255	11.2
3.098882	-0.232768962976124	11.2
5.906833	0.471967787661516	11.2
7.177474	0.43616183931445	11.2
8.107742	0.260627908126699	11.2
8.17939	0.280956313831056	11.2
8.916469	0.207892851641333	11.2
9.470069	0.134878054343112	11.2
9.573857	0.34255474547732	11.2
10.544105	0.0200576523412535	11.2
11.607188	0.0881415968690176	11.2
11.885382	0.233888060174277	11.2
12.173642	0.43189034828618	11.2
13.472545	0.228972569760161	11.2
14.681308	0.464668267003444	11.2
15.291502	0.380729448503549	11.2
15.647903	0.267835392097615	11.2
15.94947	0.102993993323326	11.2
15.989525	0.160920188181103	11.2
15.998838	0.167357927738514	11.2
16.084178	0.29983076182237	11.2
16.498022	0.491596594410448	11.2
17.554158	0.445726703349984	11.2
18.160714	0.525066592078211	11.2
19.977922	0.18269229751619	11.2
20.401077	-0.0513991525066443	11.2
20.436359	0.217851096811131	11.2
22.937664	0.495695162624069	11.2
23.250404	0.408168370708106	11.2
24.849156	0.285698125958125	11.2
25.001207	0.0510240030244669	11.2
25.301722	-0.118726938570751	11.2
25.435934	-0.142417044615852	11.2
26.949596	0.102993993323326	11.2
28.533745	-0.104697378666693	11.2
29.407608	0.358396261956654	11.2
31.385444	0.317304068361915	11.2
33.024836	0.283329168051641	11.2
34.833464	0.282143228781498	11.2
35.959547	0.455228571117139	11.2
36.757702	0.260627908126699	11.2
36.919298	0.341416524478722	11.2
37.365997	0.178873958169795	11.2
37.866357	0.325386414659773	11.2
38.459725	0.518031492602169	11.2
39.564398	0.370722275148167	11.2
41.06023	0.304511041809953	11.2
42.480942	0.29983076182237	11.2
44.077612	0.220329954879556	11.2
44.833784	0.486456955768731	11.2
46.251639	0.249748715083569	11.2
47.624144	0.185232254230161	11.2
47.953763	0.367371065648529	11.2
48.875565	0.509949146304311	11.2
49.965815	0.374065718222538	11.2
50.972212	0.358396261956654	11.2
52.19725	0.366252263699564	11.2
53.219163	0.386259141133346	11.2
53.830898	0.449957483628003	11.2
54.756564	0.333423733725192	11.2
58.100308	0.313826296390398	11.2
58.369556	0.303342394487331	11.2
59.904923	0.347098670622268	11.2
60.306386	0.0454429707611671	11.2
60.613489	0.206643223983395	11.2
60.874144	0.108357178090419	11.2
61.074246	0.353887836284907	11.2
62.259094	0.343692069179019	11.2
62.471817	0.372952097911829	11.2
63.486946	0.211635253327149	11.2
64.81751	0.094911647025467	11.2
65.305534	0.196607044094818	11.2
65.496522	0.375178479589612	11.2
65.646819	0.423309237242387	11.2
65.921569	0.443606651475615	11.2
66.723753	0.271425676092934	11.2
66.762984	0.38404980679516	11.2
67.72931	0.538041453333664	11.2
68.951584	0.408168370708106	11.2
69.159219	0.462575888042204	11.2
69.976854	0.282143228781498	11.2
70.549941	0.387362540835996	11.2
70.605398	0.371837617330421	11.2
70.633617	0.255802836602718	11.2
70.775675	0.32077347694587	11.2
72.302042	-0.168122758808327	11.2
73.066099	-0.32373259173411	11.2
74.840471	0.314986485468515	11.2
75.012855	0.225274929869569	11.2
75.192976	0.304511041809953	11.2
75.240764	0.325386414659773	11.2
75.261351	0.440420720756767	11.2
75.272617	0.432959407276106	11.2
75.545864	0.432959407276106	11.2
77.470557	0.259423152281415	11.2
78.452106	0.147957881387101	11.2
80.296291	0.398350370345965	11.2
80.523579	0.420078115979374	11.2
82.612148	0.191562650700756	11.2
83.858474	0.343692069179019	11.2
85.504949	0.136191386287144	11.2
85.52348	0.312665173558394	11.2
86.676493	-0.79836613883035	11.2
88.744839	0.258217389536018	11.2
89.924947	0.2904244038653	11.2
90.318928	0.0524158941511385	11.2
91.939385	-0.123433941248279	11.2
92.298002	0.0772429989324604	11.2
95.326879	0.195347598322219	11.2
96.265487	0.301002256032814	11.2
96.312109	0.142740172116082	11.2
97.306102	-0.145605322246899	11.2
97.476653	-0.316528107144772	11.2
98.645694	0.146655222119465	11.2
100.34723	0.407080775450501	11.2
100.907896	0.120351940365222	11.2
102.210332	0.267835392097615	11.2
102.86083	0.288063200325316	11.2
103.040923	0.312665173558394	11.2
103.343147	0.276198865032242	11.2
105.095092	0.269033146455237	11.2
106.028087	0.211635253327149	11.2
107.054593	0.162210036314307	11.2
107.481213	0.332278283056929	11.2
108.765586	0.467801156488407	11.2
110.302679	0.168642035558839	11.2
111.292001	0.356143810225275	11.2
112.232159	0.359521170427595	11.2
112.662652	0.356143810225275	11.2
113.507998	0.324234562270531	11.2
113.568172	0.357270475679559	11.2
113.708876	0.379620962055708	11.2
113.883107	0.0935601761623378	11.2
114.375346	0.134878054343112	11.2
117.283939	0.344828496997441	11.2
118.370569	0.455228571117139	11.2
119.566175	0.0827025893302493	11.2
119.690453	0.24000896473507	11.2
120.714258	0.36513259345253	11.2
121.720768	-0.187707155126729	11.2
124.052853	0.399444564589458	11.2
125.082441	0.465713319595964	11.2
125.38224	0.387362540835996	11.2
125.882541	0.0922074380970889	11.2
126.448535	0.293958979028694	11.2
127.000897	0.393965275660243	11.2
127.774759	-0.558516520417355	11.2
127.950234	0.278579550458423	11.2
128.458173	-0.195946441032647	11.2
128.537463	0.265436896049098	11.2
130.012394	0.232660756790275	11.2
131.520636	-0.347398782403481	11.2
131.656555	0.0758748669751276	11.2
133.750463	0.434027674663597	11.2
134.421629	0.512985334813676	11.2
135.596158	0.312665173558394	11.2
136.675921	0.351628329102782	11.2
138.155772	0.438292851579147	11.2
139.813156	0.374065718222538	11.2
140.892425	0.278579550458423	11.2
141.965283	0.312665173558394	11.2
143.232374	0.35501626421955	11.2
144.717483	0.367371065648529	11.2
145.143641	0.324234562270531	11.2
145.17112	0.303342394487331	11.2
146.462367	0.43722773891291	11.2
147.617039	0.397255345594427	11.2
148.524582	0.42867840994823	11.2
149.996584	0.584000383285773	11.2
151.008753	0.420078115979374	11.2
152.156956	0.094911647025467	11.2
153.725993	0.323081789503733	11.2
154.911794	0.357270475679559	11.2
155.916074	0.237563718317676	11.2
157.219491	0.386259141133346	11.2
158.511647	0.447843644362086	11.2
158.516202	0.370722275148167	11.2
158.522874	0.351628329102782	11.2
158.526455	0.391767719955997	11.2
158.532412	0.356143810225275	11.2
159.469779	0.379620962055708	11.2
159.857521	0.249748715083569	11.2
160.03304	0.283329168051641	11.2
160.980818	0.479230561206336	11.2
161.915423	0.387362540835996	11.2
162.844303	0.460480470040011	11.2
163.801704	0.390667685559667	11.2
164.343526	0.429749850800216	11.2
165.700664	0.427606172781899	11.2
166.143859	0.483364360713349	11.2
167.215578	0.22650852980868	11.2
168.70339	0.471967787661516	11.2
169.59639	0.483364360713349	11.2
171.534541	0.366252263699564	11.2
172.359901	0.309176187478515	11.2
172.735693	0.36513259345253	11.2
172.791902	0.228972569760161	11.2
174.035212	0.360645202460216	11.2
174.937222	0.34255474547732	11.2
176.515909	0.602171790753379	11.2
176.924202	0.217851096811131	11.2
178.354556	0.460480470040011	11.2
178.681182	0.460480470040011	11.2
178.681202	0.439357178474257	11.2
179.602168	0.367371065648529	11.2
180.180007	0.285698125958125	11.2
180.618313	0.321928094887362	11.2
182.279435	0.385154896884344	11.2
182.978677	0.304511041809953	11.2
184.166193	0.242450073677701	11.2
185.54228	0.150559676575381	11.2
186.573083	0.254594043033141	11.2
187.833585	-0.136061549576028	11.2
189.065334	0.3928669162308	11.2
189.465004	0.404903122145131	11.2
190.359644	0.541019153133559	11.2
190.557737	0.379620962055708	11.2
191.229564	0.292781749227846	11.2
191.788787	0.386259141133346	11.2
192.910756	0.303342394487331	11.2
194.253124	0.381837083906047	11.2
195.011018	0.298658315564515	11.2
195.522156	0.13224779829844	11.2
196.697692	0.364012053558615	11.2
197.097769	0.393965275660243	11.2
197.718453	0.395062799517578	11.2
198.142825	0.333423733725192	11.2
198.859837	0.186500557644495	11.2
199.668211	0.360645202460216	11.2
201.628116	0.271425676092934	11.2
201.930465	0.334568275666133	11.2
202.101238	0.401630466584741	11.2
202.264005	0.35501626421955	11.2
203.608824	0.385154896884344	11.2
204.555086	0.52707033551266	11.2
206.344621	0.511973981781801	11.2
206.618493	0.351628329102782	11.2
207.331084	0.345964030342872	11.2
208.893161	0.306845500314283	11.2
210.692664	0.350497247084133	11.2
211.413345	0.488515008957812	11.2
212.163258	0.250961573533219	11.2
212.164262	0.306845500314283	11.2
212.18987	0.396159489073155	11.2
213.452759	0.341416524478722	11.2
214.868993	0.458382004156013	11.2
215.558447	0.377401430785794	11.2
216.192292	0.380729448503549	11.2
216.980915	0.443606651475615	11.2
217.229433	0.352758525040637	11.2
218.455869	0.474046599319306	11.2
219.706576	0.138814468902282	11.2
219.970764	0.194087052116302	11.2
221.243188	0.448900951145128	11.2
222.618023	0.498761465671852	11.2
223.091894	0.241230035515445	11.2
223.79055	0.399444564589458	11.2
224.559661	0.457331625485014	11.2
224.593061	0.40381306161659	11.2
225.244461	0.246104009883917	11.2
226.077158	0.608809242675524	11.2
227.239045	0.449957483628003	11.2
228.575981	0.32883646422954	11.2
230.01143	0.339137384919585	11.2
230.240137	0.42867840994823	11.2
230.302789	0.364012053558615	11.2
230.678713	0.327687364176047	11.2
232.23841	0.0440443327060212	11.2
233.709132	-0.140825544133565	11.2
234.084857	0.128293401009818	11.2
234.336279	0.0482361856528476	11.2
234.792446	0.289244285156642	11.2
234.80809	0.063502942306158	11.2
236.092674	0.22404027421793	11.2
237.375684	-0.0649174766813385	11.2
238.945164	-0.215914857265243	11.2
239.227603	-0.15521264992094	11.2
240.618997	-0.3040061868901	11.2
242.024751	-0.401634794676355	11.2
242.801018	0.0398402645317911	11.2
0.359134	-0.352915787371046	4.3
1.500718	-0.0679388286565756	4.3
2.930777	-0.575615328461903	4.3
4.354997	-0.424687669312563	4.3
4.849813	-0.454031630894707	4.3
5.527101	-0.457989644463391	4.3
6.83324	-0.446148031818874	4.3
7.229844	-0.628162382669579	4.3
8.469	-0.625934281777462	4.3
9.74721	-0.547931769776189	4.3
9.882354	-0.347398782403481	4.3
10.036953	-0.502259911390907	4.3
11.490212	-0.295128035543647	4.3
11.935713	-0.401634794676355	4.3
12.501543	-0.471928835421265	4.3
12.506289	-0.531156057025363	4.3
12.579316	-0.300448367476911	4.3
12.908379	-0.675765437729469	4.3
14.526567	-0.698997743967186	4.3
16.328619	-0.639354797539784	4.3
20.17422	-0.241270431542137	4.3
21.407229	-0.356605546520108	4.3
22.171353	-0.45600928033515	4.3
23.734801	-0.450084446378045	4.3
25.406427	-0.579921884020626	4.3
25.541713	-0.42081985187285	4.3
25.72263	-0.479954975960182	4.3
28.166308	-0.457989644463391	4.3
29.352165	-0.457989644463391	4.3
29.352188	-0.0649174766813385	4.3
30.628972	-0.45600928033515	4.3
30.657647	-0.343732465205711	4.3
30.667721	-0.448114896528275	4.3
30.719104	-0.715485866755755	4.3
32.033009	-0.336427664582477	4.3
33.579665	-0.430508908041284	4.3
35.006831	-0.220950447162541	4.3
35.824553	-0.42081985187285	4.3
36.986602	-0.302226180444814	4.3
36.986803	-0.288064643021079	4.3
37.965023	-0.790858602161408	4.3
39.663758	-0.597277823154395	4.3
39.876576	-0.254977850962736	4.3
41.197141	-0.639354797539784	4.3
42.237946	-0.630393929968162	4.3
43.524675	-0.547931769776189	4.3
44.540133	-0.603840510926845	4.3
45.239905	-0.261880711217424	4.3
46.416549	-0.321928094887362	4.3
46.429792	-0.340075441597622	4.3
46.88362	-0.77595972578207	4.3
48.152318	-0.364013496254377	4.3
50.434435	-0.614845103115656	4.3
50.559155	-0.508403405589552	4.3
51.816922	-0.360304766600418	4.3
55.748887	-0.678071905112638	4.3
55.74895	-0.327348370671615	4.3
55.828907	-0.659722595233746	4.3
56.823662	-0.584241333477502	4.3
57.395404	-0.279283757478869	4.3
57.858289	-0.430508908041284	4.3
59.418886	-0.516635639286651	4.3
59.709806	-0.545824106814198	4.3
60.405704	-0.309359421384307	4.3
62.041811	-0.655171503002559	4.3
63.708824	-0.248107861595691	4.3
65.207343	-0.696657605512669	4.3
68.196633	-0.512513650651464	4.3
69.619894	-0.514573172829758	4.3
70.287911	0.0398402645317911	4.3
71.540268	0.0894981508391026	4.3
72.870786	-0.107803289534515	4.3
74.250954	0.0607391578576785	4.3
75.800708	0.133563525741106	4.3
77.502164	-0.125006361067033	4.3
78.736511	0.0908534304511135	4.3
78.737334	0.063502942306158	4.3
79.934765	0.0398402645317911	4.3
81.019094	0.0496307677246004	4.3
84.337464	0.100304905795685	4.3
85.191989	-0.0115879742752118	4.3
86.005734	0.0426443374084937	4.3
86.707768	-0.0603972796439563	4.3
86.962409	0.0214797274104514	4.3
93.600891	0.0299828662157143	4.3
95.539585	0.00288250853312137	4.3
97.566341	0.16349873228288	4.3
99.50864	0.063502942306158	4.3
99.550786	0.151858816727005	4.3
101.844508	0.00719550140420377	4.3
102.15758	0.037030730944967	4.3
105.20746	0.0676387168753633	4.3
105.304338	0.034215715337913	4.3
106.547553	0.0799753767205959	4.3
109.40164	0.0214797274104514	4.3
110.951631	0.0299828662157143	4.3
113.141169	-0.00578235259400611	4.3
113.26474	0.12300395405482	4.3
115.285387	-0.362157939675895	4.3
117.180037	-0.126580496565143	4.3
119.443949	0.0731347046302154	4.3
120.862295	0.0157829972409275	4.3
121.393089	0.105678077894537	4.3
123.754334	0.0854246562526777	4.3
125.243903	-0.0394882898809755	4.3
127.117332	0.0621217119077975	4.3
127.61237	-0.174621396107069	4.3
128.534267	-0.0634091701760615	4.3
129.117117	0.01292617444427	4.3
129.117126	-0.237863830098888	4.3
129.133461	-0.0528949484321255	4.3
131.105401	0.0731347046302154	4.3
134.850802	0.169925001442312	4.3
135.317139	0.116364756691785	4.3
137.393691	0.034215715337913	4.3
137.410912	0.0690146779151805	4.3
139.769381	-0.0724827538015237	4.3
140.001085	-0.0203404482841755	4.3
141.13317	0.0745054363636298	4.3
142.686989	0.00288250853312137	4.3
143.654002	0.136191386287144	4.3
145.187202	-0.0291463456595165	4.3
146.705776	0.0676387168753633	4.3
148.362588	0.00432160595009347	4.3
148.40623	0.0271540515037266	4.3
150.772949	0.00575926928868495	4.3
152.020338	-0.114035243246029	4.3
153.827326	-0.036525876025114	4.3
153.827402	0.0538064436957938	4.3
155.036898	0.0356239097307212	4.3
158.294049	-0.0247366783215064	4.3
160.458638	0.0214797274104514	4.3
161.101969	0.0593552776164212	4.3
162.317979	0.00719550140420377	4.3
166.070467	-0.0439433475875971	4.3
167.069413	-0.0380063225797449	4.3
167.455689	0.0621217119077975	4.3
168.738763	0.0772429989324604	4.3
168.744106	-0.0573916638883367	4.3
168.830084	0.0313951962755343	4.3
169.326891	0.0867837661420667	4.3
170.200521	-0.00723156923107586	4.3
172.029946	0.0482361856528476	4.3
173.824715	0.0840642647884745	4.3
175.0621	0.220329954879556	4.3
175.062115	0.00719550140420377	4.3
176.474011	0.133563525741106	4.3
178.02853	0.204140716780225	4.3
179.458407	0.0229004021100788	4.3
180.985022	-0.0484122051852459	4.3
181.971907	0.0440443327060212	4.3
182.588515	-0.0603972796439563	4.3
182.985626	-0.0115879742752118	4.3
183.389835	0.0496307677246004	4.3
184.066323	-0.132894270497345	4.3
184.072043	0.0468402542029724	4.3
184.072059	0	4.3
184.086447	-0.0573916638883367	4.3
185.885793	0.15704371014558	4.3
185.886284	0.00288250853312137	4.3
186.906726	-0.0174170530774094	4.3
187.33043	0.0482361856528476	4.3
187.350837	0.0648828515848544	4.3
187.539501	0.0551956542421246	4.3
189.4237	0.0229004021100788	4.3
190.168674	0.0384361816561079	4.3
190.526772	0.0510240030244669	4.3
191.413341	0.0690146779151805	4.3
193.420116	-0.0558912008920451	4.3
194.374576	-0.0543922968186278	4.3
196.893197	0.0786098346963665	4.3
0.350352	0.124328135002202	4.5
0.464606	0.183962834842595	4.5
1.325171	0.24731993497982	4.5
2.639035	0.483364360713349	4.5
3.472715	0.292781749227846	4.5
4.89116	0.318461465167583	4.5
5.749874	0.440420720756767	4.5
5.7503	0.385154896884344	4.5
6.462666	0.216610068742442	4.5
7.334731	0.371837617330421	4.5
7.334737	0.416839741912829	4.5
9.427724	0.335711910320462	4.5
10.227046	0.270229907237998	4.5
11.368874	0.426533138116673	4.5
11.368917	0.478195257939166	4.5
14.873867	0.42867840994823	4.5
14.873888	0.413594082409175	4.5
16.386209	-0.00144341686966872	4.5
16.562438	0.00575926928868495	4.5
17.412473	0.0731347046302154	4.5
17.412576	0.10701824988212	4.5
19.186711	0.063502942306158	4.5
21.124699	-0.0985055449524251	4.5
21.149126	0.279768421593595	4.5
24.451232	-0.0499049058263139	4.5
26.542164	0.137503523749935	4.5
28.12081	0.0482361856528476	4.5
29.930879	0.133563525741106	4.5
31.622005	-0.0724827538015237	4.5
33.942756	-0.00723156923107586	4.5
36.662963	0.12961273813047	4.5
37.842562	0.0922074380970889	4.5
37.842581	0.10969486482593	4.5
38.016011	0.0257375614136083	4.5
38.449175	0.0662614422687213	4.5
38.473408	0.0786098346963665	4.5
38.522478	-0.0247366783215064	4.5
39.247639	0.0510240030244669	4.5
41.120474	0.0648828515848544	4.5
41.912785	0.0299828662157143	4.5
44.068966	0.0229004021100788	4.5
45.94647	0.216610068742442	4.5
49.435837	0.117695042669755	4.5
50.065401	0.101650076094435	4.5
51.922832	0.0922074380970889	4.5
53.330205	0.130930869826449	4.5
54.072279	0.0607391578576785	4.5
54.072339	0.0482361856528476	4.5
54.935397	0.153156788061421	4.5
55.683164	0.0510240030244669	4.5
55.683167	-0.032899528796591	4.5
57.519774	0.332278283056929	4.5
57.519789	-0.0188780102056894	4.5
57.897087	0.0214797274104514	4.5
57.897189	0.0731347046302154	4.5
59.742953	0.0143552929770701	4.5
59.743144	-0.0588936890535686	4.5
61.897579	-0.0144995696951151	4.5
64.035043	-0.00433459026389113	4.5
64.791209	-0.0232697793228472	4.5
64.858558	0.0328061450832415	4.5
65.386296	0.00288250853312137	4.5
66.208543	0.0440443327060212	4.5
66.208576	0.12565110166152	4.5
67.100244	0.155749232677945	4.5
67.743672	0.0440443327060212	4.5
67.779122	0.0143552929770701	4.5
68.404131	-0.0892673380970874	4.5
68.485396	-0.036525876025114	4.5
70.947743	-0.0218043703183484	4.5
72.207588	-0.00868224309980088	4.5
74.016458	0.133563525741106	4.5
74.021803	-0.036525876025114	4.5
74.455574	0.0579700686373299	4.5
76.229981	-0.0877333719335504	4.5
76.230539	-0.166502663140165	4.5
78.859064	-0.0543922968186278	4.5
78.859102	0	4.5
79.901068	-0.00288827932482651	4.5
80.009998	-0.00433459026389113	4.5
81.304288	0.101650076094435	4.5
82.767269	0	4.5
83.259032	0.0690146779151805	4.5
85.408209	0.0285691521967709	4.5
85.40821	0.108357178090419	4.5
85.985679	0.0881415968690176	4.5
86.703975	0.0772429989324604	4.5
88.561914	0.0285691521967709	4.5
90.799757	0.0356239097307212	4.5
92.650187	-0.0679388286565756	4.5
92.951689	0.034215715337913	4.5
93.95365	0.0690146779151805	4.5
95.037544	-0.166502663140165	4.5
95.678063	0.0662614422687213	4.5
96.965147	0.155749232677945	4.5
98.410868	0.0799753767205959	4.5
99.860242	-0.0923401721467106	4.5
101.287226	-0.0335695326937018	4.5
103.047977	0.01292617444427	4.5
103.047988	0.0100636833446975	4.5
104.319095	0.0579700686373299	4.5
105.476805	-0.0499049058263139	4.5
106.928601	0.0799753767205959	4.5
108.158079	-0.0543922968186278	4.5
109.413072	0.126972856257766	4.5
111.642593	0.126972856257766	4.5
111.642626	0.0143552929770701	4.5
112.046459	0.0398402645317911	4.5
112.195378	-0.00578235259400611	4.5
112.328193	0.149259365499623	4.5
115.155781	-0.00288827932482651	4.5
115.371112	-0.00578235259400611	4.5
116.915203	0.0690146779151805	4.5
117.397461	-0.0543922968186278	4.5
118.710857	-0.0276749584428483	4.5
119.816648	0.0621217119077975	4.5
121.318439	-0.0740005814437769	4.5
122.311921	-0.215914857265243	4.5
122.477697	0.0524158941511385	4.5
124.5532	0.104336659814736	4.5
124.758634	0.133563525741106	4.5
127.148999	-0.0232697793228472	4.5
128.351158	0.0976107966264223	4.5
129.893591	0.105678077894537	4.5
131.413726	-0.0409717810563062	4.5
131.789242	-0.0130430374755989	4.5
131.882791	0.12300395405482	4.5
133.057713	-0.0159575739029762	4.5
133.057864	0.0157829972409275	4.5
133.462371	0.0100636833446975	4.5
134.392117	0.0356239097307212	4.5
134.392286	-0.0291463456595165	4.5
135.34613	-0.0144995696951151	4.5
137.489406	-0.0203404482841755	4.5
137.607565	0.113700499164728	4.5
138.043544	-0.0908029370083126	4.5
139.086325	-0.131313234677865	4.5
139.852658	-0.123433941248279	4.5
140.573782	-0.140825544133565	4.5
141.051416	-0.0513991525066443	4.5
141.051445	0.0328061450832415	4.5
141.872058	-0.00288827932482651	4.5
141.961896	-0.0101343771337132	4.5
143.287194	0.141432790929296	4.5
144.86955	-0.00433459026389113	4.5
146.764702	-0.00433459026389113	4.5
147.145751	0.0922074380970889	4.5
149.427464	0.0524158941511385	4.5
149.427908	-0.0409717810563062	4.5
149.494589	-0.114035243246029	4.5
149.557722	-0.0499049058263139	4.5
149.692991	-0.045431429247006	4.5
149.973421	-0.0350469470992008	4.5
151.161395	0.00288250853312137	4.5
151.182324	-0.0218043703183484	4.5
151.281623	0.0867837661420667	4.5
152.638445	0.147957881387101	4.5
152.638456	0.0482361856528476	4.5
155.191961	0.104336659814736	4.5
155.657788	0.0813396274519388	4.5
156.829271	0.124328135002202	4.5
156.997721	0.0214797274104514	4.5
159.790953	-0.0785636691937021	4.5
159.814574	0.0786098346963665	4.5
160.051491	0.0412429822318813	4.5
161.21025	0.173767067736706	4.5
162.720972	-0.0335695326937018	4.5
162.841644	0.00863030514344006	4.5
164.825708	0.0989584800881688	4.5
164.82574	0.0510240030244669	4.5
165.330839	0.0524158941511385	4.5
166.97524	0.140124223909071	4.5
168.426	-0.0350469470992008	4.5
169.549914	-0.0619024389259069	4.5
170.106153	-0.0291463456595165	4.5
170.412248	0.0690146779151805	4.5
170.746953	-0.0846703239869906	4.5
172.147314	-0.115597447016313	4.5
173.515742	0	4.5
174.72074	-0.0159575739029762	4.5
174.750794	0.0935601761623378	4.5
174.765851	-0.00433459026389113	4.5
174.831339	0.0157829972409275	4.5
174.845573	-0.0499049058263139	4.5
176.360291	0.0593552776164212	4.5
176.455084	-0.0130430374755989	4.5
176.836309	-0.0985055449524251	4.5
177.880959	-0.15360697914764	4.5
179.227636	-0.0649174766813385	4.5
180.580302	0.0143552929770701	4.5
0.093154	-0.0469210473874926	1.7
2.072999	-0.0424567992428948	1.7
6.136606	-0.0144995696951151	1.7
7.746418	-0.3040061868901	1.7
9.231989	0.138814468902282	1.7
10.4693	-0.204233052217608	1.7
12.249183	-0.263611599296539	1.7
13.885877	0.11503324294624	1.7
15.666329	-0.407363571393423	1.7
18.54128	-0.222632890549587	1.7
18.731512	-0.256700472111743	1.7
20.187924	-0.227692025041597	1.7
21.622442	-0.360304766600418	1.7
24.374338	-0.358453970912476	1.7
25.524647	-0.209227962138	1.7
27.146946	0.0412429822318813	1.7
28.184725	-0.182786075741673	1.7
29.972161	-0.131313234677865	1.7
31.184892	-0.168122758808327	1.7
32.400138	-0.307572801910292	1.7
33.687388	-0.123433941248279	1.7
33.842563	-0.210896782498619	1.7
35.458488	-0.24297675349254	1.7
38.21874	-0.107803289534515	1.7
39.292788	-0.341902794648628	1.7
39.556434	-0.0603972796439563	1.7
40.256159	-0.214240225572989	1.7
41.671979	-0.312939311660108	1.7
41.906942	-0.15200309344505	1.7
44.08264	0.306845500314283	1.7
44.603487	-0.179514657013621	1.7
45.381566	0.0299828662157143	1.7
47.062504	-0.189351252217354	1.7
48.273774	-0.077041035763828	1.7
49.160233	-0.352915787371046	1.7
50.43887	-0.199255376063222	1.7
50.991544	-0.156820109742826	1.7
52.211189	-0.186064929518683	1.7
53.824432	-0.107803289534515	1.7
55.213108	-0.214240225572989	1.7
55.228786	-0.142417044615852	1.7
55.260897	0.0496307677246004	1.7
55.549303	0.0593552776164212	1.7
57.342266	0.0100636833446975	1.7
57.802285	-0.0188780102056894	1.7
62.960776	0.16349873228288	1.7
65.391099	0.371837617330421	1.7
66.360962	0.445726703349984	1.7
66.753635	0.546956178141411	1.7
68.305763	0.552868871011303	1.7
68.40009	0.522055749160964	1.7
69.693867	0.469885976274464	1.7
71.641331	0.506906554580693	1.7
72.744238	0.509949146304311	1.7
73.112495	0.441483479582645	1.7
75.133975	0.544979883255804	1.7
75.673955	0.543000877402426	1.7
76.30109	0.43722773891291	1.7
77.672291	0.38404980679516	1.7
77.997364	0.389566811762726	1.7
79.756114	0.398350370345965	1.7
79.767919	0.341416524478722	1.7
79.782559	0.463622456851893	1.7
80.721029	0.411426245726465	1.7
81.959601	0.396159489073155	1.7
84.762242	0.374065718222538	1.7
86.412534	0.465713319595964	1.7
86.432844	0.321928094887362	1.7
86.486475	0.498761465671852	1.7
86.894445	0.444667066841908	1.7
88.151909	0.465713319595964	1.7
89.234118	0.408168370708106	1.7
90.994869	0.399444564589458	1.7
92.218661	0.435095151620097	1.7
93.472849	0.22650852980868	1.7
97.001358	0.43616183931445	1.7
97.418434	0.0200576523412535	1.7
98.948533	0.984771612385425	1.7
100.705509	0.623866861852698	1.7
101.70145	0.443606651475615	1.7
102.727171	0.0143552929770701	1.7
103.740773	0.387362540835996	1.7
105.449331	0.469885976274464	1.7
106.745054	0.462575888042204	1.7
109.097927	0.410341104614087	1.7
110.219651	0.484395962502666	1.7
111.153821	0.456280481510725	1.7
111.629831	0.54399071966485	1.7
112.647113	0.22404027421793	1.7
113.494997	0.409255146684838	1.7
113.588035	0.489542935642474	1.7
114.083104	0.364012053558615	1.7
115.454912	0.58014548442338	1.7
116.056848	0.455228571117139	1.7
116.323949	0.402722176845605	1.7
116.347763	0.396159489073155	1.7
116.541184	0.368489000645104	1.7
117.211201	0.377401430785794	1.7
117.264085	0.32883646422954	1.7
117.306444	0.343692069179019	1.7
118.84295	0.250961573533219	1.7
121.534089	0.37851162325373	1.7
122.548164	0.502839758255931	1.7
123.721944	0.231432408447965	1.7
127.443501	0.308011314552178	1.7
128.450938	0.50182126542091	1.7
129.567109	0.32077347694587	1.7
130.948011	0.440420720756767	1.7
132.090411	0.635986503745623	1.7
132.499224	0.301002256032814	1.7
133.890065	0.411426245726465	1.7
135.491612	0.459431618637297	1.7
138.094744	0.393965275660243	1.7
138.37544	0.453122446595813	1.7
140.026148	0.345964030342872	1.7
140.366568	0.364012053558615	1.7
141.393176	0.444667066841908	1.7
142.445328	0.490570130446201	1.7
143.747546	0.0799753767205959	1.7
145.217025	0.277389698810864	1.7
146.807389	0.439357178474257	1.7
149.568173	0.893750501720566	1.7
150.680656	0.619178216059069	1.7
150.86017	0.589763486984977	1.7
152.748126	0.489542935642474	1.7
154.87801	0.549915553621955	1.7
156.336952	0.442545456105304	1.7
157.572773	0.606915941825205	1.7
158.859667	0.60502015306241	1.7
0.149851	-0.588573754273535	11.8
1.745418	-1.21424022557299	11.8
3.139185	-0.599462070416271	11.8
4.439964	-0.512513650651464	11.8
6.195061	-0.586405917590825	11.8
6.326239	-0.632628934351471	11.8
7.716204	-0.494109070270043	11.8
8.608772	-0.415037499278844	11.8
9.815519	-0.41119543298445	11.8
11.324049	-0.77595972578207	11.8
12.792053	-0.522840788813359	11.8
13.924573	-0.365871442474959	11.8
15.448446	-0.49817873457909	11.8
17.320193	-0.38458370273713	11.8
17.469423	-0.512513650651464	11.8
17.799154	-0.438307278601691	11.8
19.372324	-0.577766999316952	11.8
20.090273	-0.639354797539784	11.8
21.642802	-0.520769438793664	11.8
21.992446	-0.965784284662087	11.8
22.8267	-0.619270551496451	11.8
23.289583	-0.63710935733414	11.8
24.604449	-0.442222328605074	11.8
26.556332	-0.416962376203336	11.8
26.600558	-0.195946441032647	11.8
28.562526	-0.512513650651464	11.8
28.589145	-0.459972730742493	11.8
29.297735	-0.336427664582477	11.8
30.936623	-0.239566125329888	11.8
31.005175	-0.37145968073724	11.8
31.144438	-0.131313234677865	11.8
32.271783	-0.340075441597622	11.8
32.985024	0.0758748669751276	11.8
32.985181	-0.316528107144772	11.8
34.080081	-0.330973234490369	11.8
35.330476	-0.291592016516404	11.8
36.533906	-0.390245037827557	11.8
38.14176	-0.664288089679538	11.8
38.178006	-0.86775220170156	11.8
38.180536	-0.907792561902911	11.8
38.199683	-0.960159735468209	11.8
38.265346	-0.894321922105463	11.8
38.269172	-0.913216233857933	11.8
39.89146	-0.42081985187285	11.8
41.70659	-0.715485866755755	11.8
41.706629	-0.67116353577046	11.8
42.163947	-0.65744525452268	11.8
42.168217	-0.617056130431009	11.8
42.235943	-0.599462070416271	11.8
42.240313	-0.689659879387849	11.8
42.250745	-0.614845103115656	11.8
42.26364	-0.732164607902385	11.8
42.577154	-0.369594528517677	11.8
43.047132	-0.469929257774916	11.8
46.906344	-1.97143084780323	11.8
47.945168	-0.171368418311981	11.8
48.8157	-0.3040061868901	11.8
50.095637	-0.413115187147815	11.8
51.241159	-0.541617995843987	11.8
52.614239	-0.529072742524873	11.8
54.682367	-0.44418384493836	11.8
55.521319	-0.567040592723894	11.8
56.869217	-0.522840788813359	11.8
58.213225	-0.450084446378045	11.8
59.727405	-0.338250400189295	11.8
60.415524	-0.31114825613412	11.8
61.238824	-0.345564459154601	11.8
61.651602	-0.535331732996556	11.8
62.653749	-0.403541860441014	11.8
63.865359	-0.486004020632987	11.8
66.107154	-0.522840788813359	11.8
66.954924	-0.430508908041284	11.8
67.486726	-0.446148031818874	11.8
69.169382	-0.405451450449646	11.8
71.056124	-0.177881725270655	11.8
72.74918	-0.277533975528909	11.8
74.604334	-0.486004020632987	11.8
75.872195	-0.45600928033515	11.8
77.177031	-0.282789700980404	11.8
80.161928	-0.360304766600418	11.8
81.331175	-0.438307278601691	11.8
82.565511	-0.215914857265243	11.8
83.839306	-0.329159664118438	11.8
85.27047	-0.360304766600418	11.8
86.010698	-0.424687669312563	11.8
87.273783	-0.467932447710969	11.8
87.539168	-0.454031630894707	11.8
90.761547	-0.336427664582477	11.8
90.878807	-0.195946441032647	11.8
92.835405	-0.354759487354735	11.8
93.981416	-0.395928676331139	11.8
95.413642	-0.279283757478869	11.8
95.427173	-0.358453970912476	11.8
96.506121	-0.343732465205711	11.8
96.835336	-0.31114825613412	11.8
98.129325	-0.504304837375931	11.8
100.554837	-0.390245037827557	11.8
100.669587	-0.340075441597622	11.8
101.935697	-0.552156355637915	11.8
103.577063	-0.628162382669579	11.8
104.353757	-0.45205668870965	11.8
105.613145	-0.422752464406849	11.8
106.637117	-0.520769438793664	11.8
108.343558	-0.50635266602479	11.8
109.404409	-0.486004020632987	11.8
110.554505	-0.438307278601691	11.8
111.105031	-0.351074440546879	11.8
111.712236	-0.41888982477445	11.8
114.10223	-0.0424567992428948	11.8
116.265581	-0.442222328605074	11.8
117.784468	-0.533242384273829	11.8
118.68813	-0.590744853315162	11.8
118.759722	-0.619270551496451	11.8
119.027304	-0.500217879852688	11.8
120.163624	-0.128156351490682	11.8
121.179042	-0.453141494145426	11.8
122.57241	-0.479954975960182	11.8
123.749463	-0.545824106814198	11.8
124.639266	-0.448114896528275	11.8
126.064126	-0.461958546666336	11.8
127.56747	-0.46394709975979	11.8
128.65282	-0.432454552356253	11.8
128.731536	0.0827025893302493	11.8
130.107508	-0.231074664436249	11.8
131.510934	-0.0908029370083126	11.8
131.743076	-0.440263475567017	11.8
133.087577	-0.407363571393423	11.8
134.354286	-0.785875194647153	11.8
135.753461	-0.442222328605074	11.8
136.984455	-0.405451450449646	11.8
138.510235	-0.210896782498619	11.8
139.756793	-0.857259827883918	11.8
141.533953	-0.951763814347152	11.8
142.230269	-1.12029423371771	11.8
143.742884	-1.08008791132269	11.8
145.565803	-0.85464861442738	11.8
146.058329	-0.67116353577046	11.8
0.216485	-0.271	10.9
0.414735	-0.399	10.9
0.415171	-0.365	10.9
0.442319	-0.383	10.9
1.657992	-0.239	10.9
1.998011	-0.398	10.9
2.280507	-0.312	10.9
3.277783	-0.279	10.9
5.009594	-0.127	10.9
5.785005	-0.298	10.9
6.85199	-0.154	10.9
6.958604	-0.45	10.9
7.740086	-0.191	10.9
8.228937	-0.411	10.9
10.288475	-0.247	10.9
10.523506	-0.4	10.9
11.66636	-0.171	10.9
11.784247	-0.121	10.9
13.419666	-0.327	10.9
14.010093	-0.273	10.9
14.666058	-0.272	10.9
14.728923	-0.223	10.9
15.767676	-0.106	10.9
16.141129	-0.306	10.9
17.605682	-0.224	10.9
18.672062	-0.291	10.9
19.030243	-0.19	10.9
19.795847	-0.268	10.9
20.17251	-0.296	10.9
21.369712	-0.396	10.9
21.733188	-0.273	10.9
21.85191	-0.227	10.9
22.41831	-0.206	10.9
23.202268	-0.369	10.9
23.622616	-0.484	10.9
24.789099	-0.276	10.9
25.690422	-0.308	10.9
26.405555	-0.23	10.9
27.124396	-0.118	10.9
27.125876	-0.189	10.9
27.163232	-0.137	10.9
27.430391	-0.344	10.9
28.756431	-0.286	10.9
30.469958	-0.152	10.9
30.961414	-0.205	10.9
31.664296	-0.395	10.9
32.846673	-0.223	10.9
33.163469	-0.311	10.9
33.346439	-0.024	10.9
34.003173	-0.128	10.9
34.915087	-0.301	10.9
36.280799	-0.268	10.9
36.636209	-0.34	10.9
36.895443	-0.371	10.9
38.045669	-0.204	10.9
38.261411	-0.371	10.9
40.205823	-0.098	10.9
44.289153	-0.415	10.9
44.418232	-0.525	10.9
45.798125	-0.325	10.9
64.136764	-0.368	10.9
64.887164	-0.554	10.9
65.578386	-0.105	10.9
65.677627	-0.226	10.9
66.114791	-0.38	10.9
66.122055	-0.354	10.9
66.528175	-0.634	10.9
66.599768	-0.431	10.9
66.986798	-0.261	10.9
67.037791	-0.226	10.9
67.049578	-0.264	10.9
67.242049	-0.254	10.9
68.065092	-0.264	10.9
68.553772	-0.423	10.9
68.812175	-0.235	10.9
68.829409	-0.222	10.9
69.94105	-0.192	10.9
70.993786	-0.269	10.9
72.087968	-0.123	10.9
73.015375	-0.147	10.9
73.597653	-0.292	10.9
74.358171	-0.384	10.9
74.994313	-0.286	10.9
76.025364	-0.307	10.9
76.025411	-0.391	10.9
77.111522	-0.227	10.9
78.25616	-0.039	10.9
79.351059	-0.388	10.9
80.713682	-0.18	10.9
82.451833	-0.447	10.9
82.817958	-0.217	10.9
83.415201	-0.283	10.9
84.483731	-0.088	10.9
84.959364	-0.339	10.9
86.028588	-0.322	10.9
86.13802	-0.176	10.9
87.284236	-0.274	10.9
87.795103	-0.243	10.9
88.305358	-0.245	10.9
89.758424	-0.448	10.9
91.017338	-0.041	10.9
91.262047	-0.261	10.9
92.441153	-0.299	10.9
93.722039	-0.121	10.9
94.20591	-0.205	10.9
94.814967	-0.287	10.9
95.123503	-0.233	10.9
95.638112	-0.301	10.9
96.802675	-0.291	10.9
97.484626	-0.054	10.9
98.86491	-0.372	10.9
99.647806	-0.319	10.9
99.81667	-0.172	10.9
101.218457	-0.302	10.9
102.396223	-0.246	10.9
103.917219	-0.333	10.9
104.329303	-0.139	10.9
104.329306	-0.198	10.9
105.362574	-0.167	10.9
105.691886	-0.361	10.9
106.567525	-0.302	10.9
107.704354	-0.389	10.9
108.543281	-0.103	10.9
109.040258	-0.371	10.9
109.201095	-0.414	10.9
110.123181	-0.119	10.9
111.107956	-0.308	10.9
112.28934	-0.263	10.9
112.460077	-0.356	10.9
113.307202	-0.269	10.9
114.057159	-0.202	10.9
114.723847	-0.362	10.9
116.118181	-0.451	10.9
116.408174	-0.18	10.9
117.345113	-0.344	10.9
118.612498	-0.329	10.9
118.922947	-0.115	10.9
120.600128	-0.257	10.9
120.72792	-0.308	10.9
121.159848	-0.218	10.9
121.946046	-0.392	10.9
122.344557	-0.247	10.9
122.613905	-0.249	10.9
122.79326	-0.334	10.9
123.824142	-0.391	10.9
124.144305	-0.233	10.9
125.365272	-0.314	10.9
126.236521	-0.496	10.9
128.36123	-0.111	10.9
128.673902	-0.179	10.9
128.801848	-0.218	10.9
129.534735	-0.247	10.9
129.607492	-0.259	10.9
129.640869	-0.224	10.9
129.655297	-0.193	10.9
130.671126	-0.261	10.9
130.699419	-0.42	10.9
130.994839	-0.266	10.9
131.067106	-0.271	10.9
131.544227	-0.324	10.9
131.544445	-0.302	10.9
132.661093	-0.303	10.9
132.730861	-0.328	10.9
133.567558	-0.397	10.9
133.68816	-0.298	10.9
135.177875	-0.147	10.9
135.67187	-0.333	10.9
135.792217	-0.397	10.9
137.679276	-0.309	10.9
138.234009	-0.35	10.9
